{
  "description": "This is a system generated manifest of files expected to be present in this zip. It can be safely deleted.",
  "metadata": {
    "generated_at": "2025-12-22T22:53:13+00:00",
    "trigger": {
      "file_hashid": "unknown",
      "action": "unknown"
    }
  },
  "manifest": [
    {
      "filename": "Train.csv",
      "filesize": 74409,
      "description": "Train contains the target. This is the dataset that you will use to train your model.",
      "created_at": "2025-12-22 22:43:48 UTC",
      "updated_at": "2025-12-22 22:43:51 UTC"
    },
    {
      "filename": "SampleSubmission.csv",
      "filesize": 28665,
      "description": "Is an example of what your submission file should look like. The order of the rows does not matter, but the names of the \"ID\" must be correct.",
      "created_at": "2025-12-22 22:44:00 UTC",
      "updated_at": "2025-12-22 22:44:03 UTC"
    },
    {
      "filename": "Test.csv",
      "filesize": 6459,
      "description": "Test resembles Train.csv but without the target-related columns. This is the dataset on which you will apply your model to.",
      "created_at": "2025-12-22 22:44:13 UTC",
      "updated_at": "2025-12-22 22:44:15 UTC"
    },
    {
      "filename": "DataDictionary.csv",
      "filesize": 1495,
      "description": "Variable definitions.",
      "created_at": "2025-12-22 22:53:04 UTC",
      "updated_at": "2025-12-22 22:53:13 UTC"
    }
  ]
}